layer,gap
1,2
1,2
1,2
1,2
1,2
1,2
1,2
1,2
1,2
1,2
1,2
1,2
1,2
1,2
1,2
1,2
2,0.1732538587280263
3,0.3384594232862081
2,0.4578793324741284
3,0.3384594232862019
4,0.4265010158276219
5,0.472856103073843
6,0.4974088400833185
7,0.5083033243245119
8,0.5100603723974224
9,0.5063342415113468
10,0.5003708043744979
11,0.4947001428783899
12,0.490761640376256
13,0.4888854514686116
14,0.8200260386712657
