layer,gap
1,2
1,2
1,2
1,2
1,2
1,2
1,2
1,2
1,2
1,2
1,2
1,2
1,2
1,2
1,2
1,2
2,0.9999999999999967
2,0.9999999999999967
2,0.9999999999999967
2,0.9999999999999967
2,0.9999999999999967
2,0.9999999999999967
2,0.9999999999999967
2,0.9999999999999967
3,0.5610332696548219
3,0.5610332696548219
3,0.5610332696548219
3,0.5610332696548219
4,0.2933602357173095
4,0.2933602357173095
5,0.891443298437558
