layer,gap
1,1
1,1
1,1
1,1
1,1
1,1
1,1
1,1
1,1
1,1
1,1
1,1
1,1
1,1
1,1
1,1
2,0.6589186225978907
2,0.6589186225978907
2,0.6589186225978907
2,0.6589186225978907
2,0.6589186225978907
2,0.6589186225978907
2,0.6589186225978907
2,0.6589186225978907
3,0.3957328226878905
3,0.3957328226878905
3,0.3957328226878905
3,0.3957328226878905
4,0.2554487279894397
4,0.2554487279894397
5,0.1972256943589237
