layer,gap
1,1
1,1
1,1
1,1
1,1
1,1
1,1
1,1
1,1
1,1
1,1
1,1
1,1
1,1
1,1
1,1
2,0.5091697897160676
2,0.5091697897160676
2,0.5091697897160676
2,0.5091697897160676
2,0.5091697897160676
2,0.5091697897160676
2,0.5091697897160676
2,0.5091697897160676
3,0.1964821611393592
3,0.1964821611393592
3,0.1964821611393592
3,0.1964821611393592
4,0.05644611977629665
4,0.05644611977629665
5,0.891443298437558
