layer,gap
1,1.930453365645921
1,1.928659633902281
2,0.159451854200636
3,0.7926519447062972
4,0.6022801988313873
