layer,gap
1,0.9995201230049138
1,0.9985914230346677
2,3.108624468950438e-15
3,0.1854731952646147
4,0.6022801988313873
