layer,gap
1,1.930453365645921
1,1.928659633902281
1,1.868094016617151
1,1.411908783158178
1,1.398815543010618
1,1.216280001589966
2,0.3363928184794474
2,0.21621404187732
3,0.1737163192537228
4,0.4203803898096181
5,0.6637386464381034
6,0.4185495939685353
2,0.3286256954879718
3,0.3210471525861365
7,0.5103049462794171
