layer,gap
1,0.9995201230049138
1,0.9985914230346677
1,0.9672327041625975
1,0.7310361862182616
1,0.7242569923400878
1,0.6297465562820435
2,0.4088248069138278
2,6.661338147750939e-16
3,8.615330671091215e-14
4,0.1256191670787166
5,0.08636025745495601
6,0.05724076360565
2,1.554312234475219e-15
3,0.3455874185648784
7,0.5103049462794171
