layer,gap
1,0.9995201230049138
1,0.9985914230346677
1,0.9672327041625975
1,0.7310361862182616
1,0.7242569923400878
1,0.6297465562820435
2,0.4791421592235567
3,0.278385918486439
2,0.4810772731679966
3,1.77635683940025e-15
4,6.217248937900877e-15
5,0.06170860597949801
6,0.04550571804711723
7,1.243449787580175e-14
8,1.06581410364015e-14
