layer,gap
1,1.928659633902281
1,0.6913273959493996
2,2.220446049250313e-15
