layer,gap
1,0.9985914230346677
1,0.3579447567462921
2,2.220446049250313e-15
